1,AC-1,"NIST Special Publication 800-12","http://csrc.nist.gov/publications/PubsSPs.html#800-12",2015-04-02 20:29:09,2015-04-02 20:29:09
2,AC-1,"NIST Special Publication 800-100","http://csrc.nist.gov/publications/PubsSPs.html#800-100",2015-04-02 20:29:09,2015-04-02 20:29:09
3,AC-11,"OMB Memorandum 06-16","http://www.whitehouse.gov/sites/default/files/omb/assets/omb/memoranda/fy2006/m06-16.pdf",2015-04-02 20:29:09,2015-04-02 20:29:09
4,AC-17,"NIST Special Publication 800-46","http://csrc.nist.gov/publications/PubsSPs.html#800-46",2015-04-02 20:29:09,2015-04-02 20:29:09
5,AC-17,"NIST Special Publication 800-77","http://csrc.nist.gov/publications/PubsSPs.html#800-77",2015-04-02 20:29:09,2015-04-02 20:29:09
6,AC-17,"NIST Special Publication 800-113","http://csrc.nist.gov/publications/PubsSPs.html#800-113",2015-04-02 20:29:09,2015-04-02 20:29:09
7,AC-17,"NIST Special Publication 800-114","http://csrc.nist.gov/publications/PubsSPs.html#800-114",2015-04-02 20:29:09,2015-04-02 20:29:09
8,AC-17,"NIST Special Publication 800-121","http://csrc.nist.gov/publications/PubsSPs.html#800-121",2015-04-02 20:29:09,2015-04-02 20:29:09
9,AC-18,"NIST Special Publication 800-48","http://csrc.nist.gov/publications/PubsSPs.html#800-48",2015-04-02 20:29:09,2015-04-02 20:29:09
10,AC-18,"NIST Special Publication 800-94","http://csrc.nist.gov/publications/PubsSPs.html#800-94",2015-04-02 20:29:09,2015-04-02 20:29:09
11,AC-18,"NIST Special Publication 800-97","http://csrc.nist.gov/publications/PubsSPs.html#800-97",2015-04-02 20:29:09,2015-04-02 20:29:09
12,AC-19,"OMB Memorandum 06-16","http://www.whitehouse.gov/sites/default/files/omb/assets/omb/memoranda/fy2006/m06-16.pdf",2015-04-02 20:29:09,2015-04-02 20:29:09
13,AC-19,"NIST Special Publication 800-114","http://csrc.nist.gov/publications/PubsSPs.html#800-114",2015-04-02 20:29:09,2015-04-02 20:29:09
14,AC-19,"NIST Special Publication 800-124","http://csrc.nist.gov/publications/PubsSPs.html#800-124",2015-04-02 20:29:09,2015-04-02 20:29:09
15,AC-19,"NIST Special Publication 800-164","http://csrc.nist.gov/publications/PubsSPs.html#800-164",2015-04-02 20:29:09,2015-04-02 20:29:09
16,AC-20,"FIPS Publication 199","http://csrc.nist.gov/publications/PubsFIPS.html#199",2015-04-02 20:29:09,2015-04-02 20:29:09
17,AT-1,"NIST Special Publication 800-12","http://csrc.nist.gov/publications/PubsSPs.html#800-12",2015-04-02 20:29:09,2015-04-02 20:29:09
18,AT-1,"NIST Special Publication 800-16","http://csrc.nist.gov/publications/PubsSPs.html#800-16",2015-04-02 20:29:09,2015-04-02 20:29:09
19,AT-1,"NIST Special Publication 800-50","http://csrc.nist.gov/publications/PubsSPs.html#800-50",2015-04-02 20:29:09,2015-04-02 20:29:09
20,AT-1,"NIST Special Publication 800-100","http://csrc.nist.gov/publications/PubsSPs.html#800-100",2015-04-02 20:29:09,2015-04-02 20:29:09
21,AT-2,"C.F.R. Part 5 Subpart C (5 C.F.R. 930.301)","http://www.gpo.gov/fdsys/granule/CFR-2009-title5-vol2/CFR-2009-title5-vol2-sec930-301/content-detail.html",2015-04-02 20:29:09,2015-04-02 20:29:09
22,AT-2,"Executive Order 13587","http://www.whitehouse.gov/the-press-office/2011/10/07/executive-order-13587-structural-reforms-improve-security-classified-net",2015-04-02 20:29:09,2015-04-02 20:29:09
23,AT-2,"NIST Special Publication 800-50","http://csrc.nist.gov/publications/PubsSPs.html#800-50",2015-04-02 20:29:09,2015-04-02 20:29:09
24,AT-3,"C.F.R. Part 5 Subpart C (5 C.F.R. 930.301)","http://www.gpo.gov/fdsys/granule/CFR-2009-title5-vol2/CFR-2009-title5-vol2-sec930-301/content-detail.html",2015-04-02 20:29:09,2015-04-02 20:29:09
25,AT-3,"NIST Special Publication 800-16","http://csrc.nist.gov/publications/PubsSPs.html#800-16",2015-04-02 20:29:09,2015-04-02 20:29:09
26,AT-3,"NIST Special Publication 800-50","http://csrc.nist.gov/publications/PubsSPs.html#800-50",2015-04-02 20:29:09,2015-04-02 20:29:09
27,AU-1,"NIST Special Publication 800-12","http://csrc.nist.gov/publications/PubsSPs.html#800-12",2015-04-02 20:29:09,2015-04-02 20:29:09
28,AU-1,"NIST Special Publication 800-100","http://csrc.nist.gov/publications/PubsSPs.html#800-100",2015-04-02 20:29:09,2015-04-02 20:29:09
29,AU-2,"NIST Special Publication 800-92","http://csrc.nist.gov/publications/PubsSPs.html#800-92",2015-04-02 20:29:09,2015-04-02 20:29:09
30,AU-2,"http://idmanagement.gov","http://idmanagement.gov",2015-04-02 20:29:09,2015-04-02 20:29:09
31,CA-1,"NIST Special Publication 800-12","http://csrc.nist.gov/publications/PubsSPs.html#800-12",2015-04-02 20:29:09,2015-04-02 20:29:09
32,CA-1,"NIST Special Publication 800-37","http://csrc.nist.gov/publications/PubsSPs.html#800-37",2015-04-02 20:29:09,2015-04-02 20:29:09
33,CA-1,"NIST Special Publication 800-53A","http://csrc.nist.gov/publications/PubsSPs.html#800-53A",2015-04-02 20:29:09,2015-04-02 20:29:09
34,CA-1,"NIST Special Publication 800-100","http://csrc.nist.gov/publications/PubsSPs.html#800-100",2015-04-02 20:29:09,2015-04-02 20:29:09
35,CA-2,"Executive Order 13587","http://www.whitehouse.gov/the-press-office/2011/10/07/executive-order-13587-structural-reforms-improve-security-classified-net",2015-04-02 20:29:09,2015-04-02 20:29:09
36,CA-2,"FIPS Publication 199","http://csrc.nist.gov/publications/PubsFIPS.html#199",2015-04-02 20:29:09,2015-04-02 20:29:09
37,CA-2,"NIST Special Publication 800-37","http://csrc.nist.gov/publications/PubsSPs.html#800-37",2015-04-02 20:29:09,2015-04-02 20:29:09
38,CA-2,"NIST Special Publication 800-39","http://csrc.nist.gov/publications/PubsSPs.html#800-39",2015-04-02 20:29:09,2015-04-02 20:29:09
39,CA-2,"NIST Special Publication 800-53A","http://csrc.nist.gov/publications/PubsSPs.html#800-53A",2015-04-02 20:29:09,2015-04-02 20:29:09
40,CA-2,"NIST Special Publication 800-115","http://csrc.nist.gov/publications/PubsSPs.html#800-115",2015-04-02 20:29:09,2015-04-02 20:29:09
41,CA-2,"NIST Special Publication 800-137","http://csrc.nist.gov/publications/PubsSPs.html#800-137",2015-04-02 20:29:09,2015-04-02 20:29:09
42,CA-3,"FIPS Publication 199","http://csrc.nist.gov/publications/PubsFIPS.html#199",2015-04-02 20:29:09,2015-04-02 20:29:09
43,CA-3,"NIST Special Publication 800-47","http://csrc.nist.gov/publications/PubsSPs.html#800-47",2015-04-02 20:29:09,2015-04-02 20:29:09
44,CA-5,"OMB Memorandum 02-01","http://www.whitehouse.gov/omb/memoranda_m02-01",2015-04-02 20:29:09,2015-04-02 20:29:09
45,CA-5,"NIST Special Publication 800-37","http://csrc.nist.gov/publications/PubsSPs.html#800-37",2015-04-02 20:29:09,2015-04-02 20:29:09
46,CA-6,"OMB Circular A-130","http://www.whitehouse.gov/omb/circulars_a130_a130trans4",2015-04-02 20:29:09,2015-04-02 20:29:09
47,CA-6,"OMB Memorandum 11-33","http://www.whitehouse.gov/sites/default/files/omb/memoranda/2011/m11-33.pdf",2015-04-02 20:29:09,2015-04-02 20:29:09
48,CA-6,"NIST Special Publication 800-37","http://csrc.nist.gov/publications/PubsSPs.html#800-37",2015-04-02 20:29:09,2015-04-02 20:29:09
49,CA-6,"NIST Special Publication 800-137","http://csrc.nist.gov/publications/PubsSPs.html#800-137",2015-04-02 20:29:09,2015-04-02 20:29:09
50,CA-7,"OMB Memorandum 11-33","http://www.whitehouse.gov/sites/default/files/omb/memoranda/2011/m11-33.pdf",2015-04-02 20:29:09,2015-04-02 20:29:09
51,CA-7,"NIST Special Publication 800-37","http://csrc.nist.gov/publications/PubsSPs.html#800-37",2015-04-02 20:29:09,2015-04-02 20:29:09
52,CA-7,"NIST Special Publication 800-39","http://csrc.nist.gov/publications/PubsSPs.html#800-39",2015-04-02 20:29:09,2015-04-02 20:29:09
53,CA-7,"NIST Special Publication 800-53A","http://csrc.nist.gov/publications/PubsSPs.html#800-53A",2015-04-02 20:29:09,2015-04-02 20:29:09
54,CA-7,"NIST Special Publication 800-115","http://csrc.nist.gov/publications/PubsSPs.html#800-115",2015-04-02 20:29:09,2015-04-02 20:29:09
55,CA-7,"NIST Special Publication 800-137","http://csrc.nist.gov/publications/PubsSPs.html#800-137",2015-04-02 20:29:09,2015-04-02 20:29:09
56,CA-7,"US-CERT Technical Cyber Security Alerts","http://www.us-cert.gov/ncas/alerts",2015-04-02 20:29:09,2015-04-02 20:29:09
57,CA-7,"DoD Information Assurance Vulnerability Alerts",,2015-04-02 20:29:09,2015-04-02 20:29:09
58,CM-1,"NIST Special Publication 800-12","http://csrc.nist.gov/publications/PubsSPs.html#800-12",2015-04-02 20:29:09,2015-04-02 20:29:09
59,CM-1,"NIST Special Publication 800-100","http://csrc.nist.gov/publications/PubsSPs.html#800-100",2015-04-02 20:29:09,2015-04-02 20:29:09
60,CM-2,"NIST Special Publication 800-128","http://csrc.nist.gov/publications/PubsSPs.html#800-128",2015-04-02 20:29:09,2015-04-02 20:29:09
61,CM-3,"NIST Special Publication 800-128","http://csrc.nist.gov/publications/PubsSPs.html#800-128",2015-04-02 20:29:09,2015-04-02 20:29:09
62,CM-4,"NIST Special Publication 800-128","http://csrc.nist.gov/publications/PubsSPs.html#800-128",2015-04-02 20:29:09,2015-04-02 20:29:09
63,CM-6,"OMB Memorandum 07-11","http://www.whitehouse.gov/sites/default/files/omb/assets/omb/memoranda/fy2007/m07-11.pdf",2015-04-02 20:29:09,2015-04-02 20:29:09
64,CM-6,"OMB Memorandum 07-18","http://www.whitehouse.gov/sites/default/files/omb/assets/omb/memoranda/fy2007/m07-18.pdf",2015-04-02 20:29:09,2015-04-02 20:29:09
65,CM-6,"OMB Memorandum 08-22","http://www.whitehouse.gov/sites/default/files/omb/assets/omb/memoranda/fy2008/m08-22.pdf",2015-04-02 20:29:09,2015-04-02 20:29:09
66,CM-6,"NIST Special Publication 800-70","http://csrc.nist.gov/publications/PubsSPs.html#800-70",2015-04-02 20:29:09,2015-04-02 20:29:09
67,CM-6,"NIST Special Publication 800-128","http://csrc.nist.gov/publications/PubsSPs.html#800-128",2015-04-02 20:29:09,2015-04-02 20:29:09
68,CM-6,"http://nvd.nist.gov","http://nvd.nist.gov",2015-04-02 20:29:09,2015-04-02 20:29:09
69,CM-6,"http://checklists.nist.gov","http://checklists.nist.gov",2015-04-02 20:29:09,2015-04-02 20:29:09
70,CM-6,"http://www.nsa.gov","http://www.nsa.gov",2015-04-02 20:29:09,2015-04-02 20:29:09
71,CM-7,"DoD Instruction 8551.01","http://www.dtic.mil/whs/directives/corres/ins1.html",2015-04-02 20:29:09,2015-04-02 20:29:09
72,CM-8,"NIST Special Publication 800-128","http://csrc.nist.gov/publications/PubsSPs.html#800-128",2015-04-02 20:29:09,2015-04-02 20:29:09
73,CM-9,"NIST Special Publication 800-128","http://csrc.nist.gov/publications/PubsSPs.html#800-128",2015-04-02 20:29:09,2015-04-02 20:29:09
74,CP-1,"Federal Continuity Directive 1","http://www.fema.gov/pdf/about/offices/fcd1.pdf",2015-04-02 20:29:09,2015-04-02 20:29:09
75,CP-1,"NIST Special Publication 800-12","http://csrc.nist.gov/publications/PubsSPs.html#800-12",2015-04-02 20:29:09,2015-04-02 20:29:09
76,CP-1,"NIST Special Publication 800-34","http://csrc.nist.gov/publications/PubsSPs.html#800-34",2015-04-02 20:29:09,2015-04-02 20:29:09
77,CP-1,"NIST Special Publication 800-100","http://csrc.nist.gov/publications/PubsSPs.html#800-100",2015-04-02 20:29:09,2015-04-02 20:29:09
78,CP-2,"Federal Continuity Directive 1","http://www.fema.gov/pdf/about/offices/fcd1.pdf",2015-04-02 20:29:09,2015-04-02 20:29:09
79,CP-2,"NIST Special Publication 800-34","http://csrc.nist.gov/publications/PubsSPs.html#800-34",2015-04-02 20:29:09,2015-04-02 20:29:09
80,CP-3,"Federal Continuity Directive 1","http://www.fema.gov/pdf/about/offices/fcd1.pdf",2015-04-02 20:29:09,2015-04-02 20:29:09
81,CP-3,"NIST Special Publication 800-16","http://csrc.nist.gov/publications/PubsSPs.html#800-16",2015-04-02 20:29:09,2015-04-02 20:29:09
82,CP-3,"NIST Special Publication 800-50","http://csrc.nist.gov/publications/PubsSPs.html#800-50",2015-04-02 20:29:09,2015-04-02 20:29:09
83,CP-4,"Federal Continuity Directive 1","http://www.fema.gov/pdf/about/offices/fcd1.pdf",2015-04-02 20:29:09,2015-04-02 20:29:09
84,CP-4,"FIPS Publication 199","http://csrc.nist.gov/publications/PubsFIPS.html#199",2015-04-02 20:29:09,2015-04-02 20:29:09
85,CP-4,"NIST Special Publication 800-34","http://csrc.nist.gov/publications/PubsSPs.html#800-34",2015-04-02 20:29:09,2015-04-02 20:29:09
86,CP-4,"NIST Special Publication 800-84","http://csrc.nist.gov/publications/PubsSPs.html#800-84",2015-04-02 20:29:09,2015-04-02 20:29:09
87,CP-6,"NIST Special Publication 800-34","http://csrc.nist.gov/publications/PubsSPs.html#800-34",2015-04-02 20:29:09,2015-04-02 20:29:09
88,CP-7,"NIST Special Publication 800-34","http://csrc.nist.gov/publications/PubsSPs.html#800-34",2015-04-02 20:29:09,2015-04-02 20:29:09
89,CP-8,"NIST Special Publication 800-34","http://csrc.nist.gov/publications/PubsSPs.html#800-34",2015-04-02 20:29:09,2015-04-02 20:29:09
90,CP-8,"National Communications Systems Directive 3-10",,2015-04-02 20:29:09,2015-04-02 20:29:09
91,CP-8,"http://www.dhs.gov/telecommunications-service-priority-tsp","http://www.dhs.gov/telecommunications-service-priority-tsp",2015-04-02 20:29:09,2015-04-02 20:29:09
92,CP-9,"NIST Special Publication 800-34","http://csrc.nist.gov/publications/PubsSPs.html#800-34",2015-04-02 20:29:09,2015-04-02 20:29:09
93,CP-10,"Federal Continuity Directive 1","http://www.fema.gov/pdf/about/offices/fcd1.pdf",2015-04-02 20:29:09,2015-04-02 20:29:09
94,CP-10,"NIST Special Publication 800-34","http://csrc.nist.gov/publications/PubsSPs.html#800-34",2015-04-02 20:29:09,2015-04-02 20:29:09
95,IA-1,"FIPS Publication 201","http://csrc.nist.gov/publications/PubsFIPS.html#201",2015-04-02 20:29:09,2015-04-02 20:29:09
96,IA-1,"NIST Special Publication 800-12","http://csrc.nist.gov/publications/PubsSPs.html#800-12",2015-04-02 20:29:09,2015-04-02 20:29:09
97,IA-1,"NIST Special Publication 800-63","http://csrc.nist.gov/publications/PubsSPs.html#800-63",2015-04-02 20:29:09,2015-04-02 20:29:09
98,IA-1,"NIST Special Publication 800-73","http://csrc.nist.gov/publications/PubsSPs.html#800-73",2015-04-02 20:29:09,2015-04-02 20:29:09
99,IA-1,"NIST Special Publication 800-76","http://csrc.nist.gov/publications/PubsSPs.html#800-76",2015-04-02 20:29:09,2015-04-02 20:29:09
100,IA-1,"NIST Special Publication 800-78","http://csrc.nist.gov/publications/PubsSPs.html#800-78",2015-04-02 20:29:09,2015-04-02 20:29:09
101,IA-1,"NIST Special Publication 800-100","http://csrc.nist.gov/publications/PubsSPs.html#800-100",2015-04-02 20:29:09,2015-04-02 20:29:09
102,IA-2,"HSPD-12","http://www.dhs.gov/homeland-security-presidential-directive-12",2015-04-02 20:29:09,2015-04-02 20:29:09
103,IA-2,"OMB Memorandum 04-04","http://www.whitehouse.gov/sites/default/files/omb/assets/omb/memoranda/fy04/m04-04.pdf",2015-04-02 20:29:09,2015-04-02 20:29:09
104,IA-2,"OMB Memorandum 06-16","http://www.whitehouse.gov/sites/default/files/omb/assets/omb/memoranda/fy2006/m06-16.pdf",2015-04-02 20:29:09,2015-04-02 20:29:09
105,IA-2,"OMB Memorandum 11-11","http://www.whitehouse.gov/sites/default/files/omb/memoranda/2011/m11-11.pdf",2015-04-02 20:29:09,2015-04-02 20:29:09
106,IA-2,"FIPS Publication 201","http://csrc.nist.gov/publications/PubsFIPS.html#201",2015-04-02 20:29:09,2015-04-02 20:29:09
107,IA-2,"NIST Special Publication 800-63","http://csrc.nist.gov/publications/PubsSPs.html#800-63",2015-04-02 20:29:09,2015-04-02 20:29:09
108,IA-2,"NIST Special Publication 800-73","http://csrc.nist.gov/publications/PubsSPs.html#800-73",2015-04-02 20:29:09,2015-04-02 20:29:09
109,IA-2,"NIST Special Publication 800-76","http://csrc.nist.gov/publications/PubsSPs.html#800-76",2015-04-02 20:29:09,2015-04-02 20:29:09
110,IA-2,"NIST Special Publication 800-78","http://csrc.nist.gov/publications/PubsSPs.html#800-78",2015-04-02 20:29:09,2015-04-02 20:29:09
111,IA-2,"FICAM Roadmap and Implementation Guidance","http://www.idmanagement.gov/documents/ficam-roadmap-and-implementation-guidance",2015-04-02 20:29:09,2015-04-02 20:29:09
112,IA-2,"http://idmanagement.gov","http://idmanagement.gov",2015-04-02 20:29:09,2015-04-02 20:29:09
113,IA-4,"FIPS Publication 201","http://csrc.nist.gov/publications/PubsFIPS.html#201",2015-04-02 20:29:09,2015-04-02 20:29:09
114,IA-4,"NIST Special Publication 800-73","http://csrc.nist.gov/publications/PubsSPs.html#800-73",2015-04-02 20:29:09,2015-04-02 20:29:09
115,IA-4,"NIST Special Publication 800-76","http://csrc.nist.gov/publications/PubsSPs.html#800-76",2015-04-02 20:29:09,2015-04-02 20:29:09
116,IA-4,"NIST Special Publication 800-78","http://csrc.nist.gov/publications/PubsSPs.html#800-78",2015-04-02 20:29:09,2015-04-02 20:29:09
117,IA-5,"OMB Memorandum 04-04","http://www.whitehouse.gov/sites/default/files/omb/assets/omb/memoranda/fy04/m04-04.pdf",2015-04-02 20:29:09,2015-04-02 20:29:09
118,IA-5,"OMB Memorandum 11-11","http://www.whitehouse.gov/sites/default/files/omb/memoranda/2011/m11-11.pdf",2015-04-02 20:29:09,2015-04-02 20:29:09
119,IA-5,"FIPS Publication 201","http://csrc.nist.gov/publications/PubsFIPS.html#201",2015-04-02 20:29:09,2015-04-02 20:29:09
120,IA-5,"NIST Special Publication 800-73","http://csrc.nist.gov/publications/PubsSPs.html#800-73",2015-04-02 20:29:09,2015-04-02 20:29:09
121,IA-5,"NIST Special Publication 800-63","http://csrc.nist.gov/publications/PubsSPs.html#800-63",2015-04-02 20:29:09,2015-04-02 20:29:09
122,IA-5,"NIST Special Publication 800-76","http://csrc.nist.gov/publications/PubsSPs.html#800-76",2015-04-02 20:29:09,2015-04-02 20:29:09
123,IA-5,"NIST Special Publication 800-78","http://csrc.nist.gov/publications/PubsSPs.html#800-78",2015-04-02 20:29:09,2015-04-02 20:29:09
124,IA-5,"FICAM Roadmap and Implementation Guidance","http://www.idmanagement.gov/documents/ficam-roadmap-and-implementation-guidance",2015-04-02 20:29:09,2015-04-02 20:29:09
125,IA-5,"http://idmanagement.gov","http://idmanagement.gov",2015-04-02 20:29:09,2015-04-02 20:29:09
126,IA-7,"FIPS Publication 140","http://csrc.nist.gov/publications/PubsFIPS.html",2015-04-02 20:29:09,2015-04-02 20:29:09
127,IA-7,"http://csrc.nist.gov/groups/STM/cmvp/index.html","http://csrc.nist.gov/groups/STM/cmvp/index.html",2015-04-02 20:29:09,2015-04-02 20:29:09
128,IA-8,"OMB Memorandum 04-04","http://www.whitehouse.gov/sites/default/files/omb/assets/omb/memoranda/fy04/m04-04.pdf",2015-04-02 20:29:09,2015-04-02 20:29:09
129,IA-8,"OMB Memorandum 11-11","http://www.whitehouse.gov/sites/default/files/omb/memoranda/2011/m11-11.pdf",2015-04-02 20:29:09,2015-04-02 20:29:09
130,IA-8,"OMB Memorandum 10-06-2011",,2015-04-02 20:29:09,2015-04-02 20:29:09
131,IA-8,"FICAM Roadmap and Implementation Guidance","http://www.idmanagement.gov/documents/ficam-roadmap-and-implementation-guidance",2015-04-02 20:29:09,2015-04-02 20:29:09
132,IA-8,"FIPS Publication 201","http://csrc.nist.gov/publications/PubsFIPS.html#201",2015-04-02 20:29:09,2015-04-02 20:29:09
133,IA-8,"NIST Special Publication 800-63","http://csrc.nist.gov/publications/PubsSPs.html#800-63",2015-04-02 20:29:09,2015-04-02 20:29:09
134,IA-8,"NIST Special Publication 800-116","http://csrc.nist.gov/publications/PubsSPs.html#800-116",2015-04-02 20:29:09,2015-04-02 20:29:09
135,IA-8,"National Strategy for Trusted Identities in Cyberspace","http://www.nist.gov/nstic",2015-04-02 20:29:09,2015-04-02 20:29:09
136,IA-8,"http://idmanagement.gov","http://idmanagement.gov",2015-04-02 20:29:09,2015-04-02 20:29:09
137,IR-1,"NIST Special Publication 800-12","http://csrc.nist.gov/publications/PubsSPs.html#800-12",2015-04-02 20:29:09,2015-04-02 20:29:09
138,IR-1,"NIST Special Publication 800-61","http://csrc.nist.gov/publications/PubsSPs.html#800-61",2015-04-02 20:29:09,2015-04-02 20:29:09
139,IR-1,"NIST Special Publication 800-83","http://csrc.nist.gov/publications/PubsSPs.html#800-83",2015-04-02 20:29:09,2015-04-02 20:29:09
140,IR-1,"NIST Special Publication 800-100","http://csrc.nist.gov/publications/PubsSPs.html#800-100",2015-04-02 20:29:09,2015-04-02 20:29:09
141,IR-2,"NIST Special Publication 800-16","http://csrc.nist.gov/publications/PubsSPs.html#800-16",2015-04-02 20:29:09,2015-04-02 20:29:09
142,IR-2,"NIST Special Publication 800-50","http://csrc.nist.gov/publications/PubsSPs.html#800-50",2015-04-02 20:29:09,2015-04-02 20:29:09
143,IR-3,"NIST Special Publication 800-84","http://csrc.nist.gov/publications/PubsSPs.html#800-84",2015-04-02 20:29:09,2015-04-02 20:29:09
144,IR-3,"NIST Special Publication 800-115","http://csrc.nist.gov/publications/PubsSPs.html#800-115",2015-04-02 20:29:09,2015-04-02 20:29:09
145,IR-4,"Executive Order 13587","http://www.whitehouse.gov/the-press-office/2011/10/07/executive-order-13587-structural-reforms-improve-security-classified-net",2015-04-02 20:29:09,2015-04-02 20:29:09
146,IR-4,"NIST Special Publication 800-61","http://csrc.nist.gov/publications/PubsSPs.html#800-61",2015-04-02 20:29:09,2015-04-02 20:29:09
147,IR-5,"NIST Special Publication 800-61","http://csrc.nist.gov/publications/PubsSPs.html#800-61",2015-04-02 20:29:09,2015-04-02 20:29:09
148,IR-6,"NIST Special Publication 800-61","http://csrc.nist.gov/publications/PubsSPs.html#800-61",2015-04-02 20:29:09,2015-04-02 20:29:09
149,IR-6,"http://www.us-cert.gov","http://www.us-cert.gov",2015-04-02 20:29:09,2015-04-02 20:29:09
150,IR-8,"NIST Special Publication 800-61","http://csrc.nist.gov/publications/PubsSPs.html#800-61",2015-04-02 20:29:09,2015-04-02 20:29:09
151,MA-1,"NIST Special Publication 800-12","http://csrc.nist.gov/publications/PubsSPs.html#800-12",2015-04-02 20:29:09,2015-04-02 20:29:09
152,MA-1,"NIST Special Publication 800-100","http://csrc.nist.gov/publications/PubsSPs.html#800-100",2015-04-02 20:29:09,2015-04-02 20:29:09
153,MA-3,"NIST Special Publication 800-88","http://csrc.nist.gov/publications/PubsSPs.html#800-88",2015-04-02 20:29:09,2015-04-02 20:29:09
154,MA-4,"FIPS Publication 140-2","http://csrc.nist.gov/publications/PubsFIPS.html#140-2",2015-04-02 20:29:09,2015-04-02 20:29:09
155,MA-4,"FIPS Publication 197","http://csrc.nist.gov/publications/PubsFIPS.html#197",2015-04-02 20:29:09,2015-04-02 20:29:09
156,MA-4,"FIPS Publication 201","http://csrc.nist.gov/publications/PubsFIPS.html#201",2015-04-02 20:29:09,2015-04-02 20:29:09
157,MA-4,"NIST Special Publication 800-63","http://csrc.nist.gov/publications/PubsSPs.html#800-63",2015-04-02 20:29:09,2015-04-02 20:29:09
158,MA-4,"NIST Special Publication 800-88","http://csrc.nist.gov/publications/PubsSPs.html#800-88",2015-04-02 20:29:09,2015-04-02 20:29:09
159,MA-4,"CNSS Policy 15","https://www.cnss.gov/policies.html",2015-04-02 20:29:09,2015-04-02 20:29:09
160,MP-1,"NIST Special Publication 800-12","http://csrc.nist.gov/publications/PubsSPs.html#800-12",2015-04-02 20:29:09,2015-04-02 20:29:09
161,MP-1,"NIST Special Publication 800-100","http://csrc.nist.gov/publications/PubsSPs.html#800-100",2015-04-02 20:29:09,2015-04-02 20:29:09
162,MP-2,"FIPS Publication 199","http://csrc.nist.gov/publications/PubsFIPS.html#199",2015-04-02 20:29:09,2015-04-02 20:29:09
163,MP-2,"NIST Special Publication 800-111","http://csrc.nist.gov/publications/PubsSPs.html#800-111",2015-04-02 20:29:09,2015-04-02 20:29:09
164,MP-3,"FIPS Publication 199","http://csrc.nist.gov/publications/PubsFIPS.html#199",2015-04-02 20:29:09,2015-04-02 20:29:09
165,MP-4,"FIPS Publication 199","http://csrc.nist.gov/publications/PubsFIPS.html#199",2015-04-02 20:29:09,2015-04-02 20:29:09
166,MP-4,"NIST Special Publication 800-56","http://csrc.nist.gov/publications/PubsSPs.html#800-56",2015-04-02 20:29:09,2015-04-02 20:29:09
167,MP-4,"NIST Special Publication 800-57","http://csrc.nist.gov/publications/PubsSPs.html#800-57",2015-04-02 20:29:09,2015-04-02 20:29:09
168,MP-4,"NIST Special Publication 800-111","http://csrc.nist.gov/publications/PubsSPs.html#800-111",2015-04-02 20:29:09,2015-04-02 20:29:09
169,MP-5,"FIPS Publication 199","http://csrc.nist.gov/publications/PubsFIPS.html#199",2015-04-02 20:29:09,2015-04-02 20:29:09
170,MP-5,"NIST Special Publication 800-60","http://csrc.nist.gov/publications/PubsSPs.html#800-60",2015-04-02 20:29:09,2015-04-02 20:29:09
171,MP-6,"FIPS Publication 199","http://csrc.nist.gov/publications/PubsFIPS.html#199",2015-04-02 20:29:09,2015-04-02 20:29:09
172,MP-6,"NIST Special Publication 800-60","http://csrc.nist.gov/publications/PubsSPs.html#800-60",2015-04-02 20:29:09,2015-04-02 20:29:09
173,MP-6,"NIST Special Publication 800-88","http://csrc.nist.gov/publications/PubsSPs.html#800-88",2015-04-02 20:29:09,2015-04-02 20:29:09
174,MP-6,"http://www.nsa.gov/ia/mitigation_guidance/media_destruction_guidance/index.shtml","http://www.nsa.gov/ia/mitigation_guidance/media_destruction_guidance/index.shtml",2015-04-02 20:29:09,2015-04-02 20:29:09
175,MP-7,"FIPS Publication 199","http://csrc.nist.gov/publications/PubsFIPS.html#199",2015-04-02 20:29:09,2015-04-02 20:29:09
176,MP-7,"NIST Special Publication 800-111","http://csrc.nist.gov/publications/PubsSPs.html#800-111",2015-04-02 20:29:09,2015-04-02 20:29:09
177,PE-1,"NIST Special Publication 800-12","http://csrc.nist.gov/publications/PubsSPs.html#800-12",2015-04-02 20:29:09,2015-04-02 20:29:09
178,PE-1,"NIST Special Publication 800-100","http://csrc.nist.gov/publications/PubsSPs.html#800-100",2015-04-02 20:29:09,2015-04-02 20:29:09
179,PE-3,"FIPS Publication 201","http://csrc.nist.gov/publications/PubsFIPS.html#201",2015-04-02 20:29:09,2015-04-02 20:29:09
180,PE-3,"NIST Special Publication 800-73","http://csrc.nist.gov/publications/PubsSPs.html#800-73",2015-04-02 20:29:09,2015-04-02 20:29:09
181,PE-3,"NIST Special Publication 800-76","http://csrc.nist.gov/publications/PubsSPs.html#800-76",2015-04-02 20:29:09,2015-04-02 20:29:09
182,PE-3,"NIST Special Publication 800-78","http://csrc.nist.gov/publications/PubsSPs.html#800-78",2015-04-02 20:29:09,2015-04-02 20:29:09
183,PE-3,"NIST Special Publication 800-116","http://csrc.nist.gov/publications/PubsSPs.html#800-116",2015-04-02 20:29:09,2015-04-02 20:29:09
184,PE-3,"ICD 704","http://www.dni.gov/index.php/intelligence-community/ic-policies-reports/intelligence-community-directives",2015-04-02 20:29:09,2015-04-02 20:29:09
185,PE-3,"ICD 705","http://www.dni.gov/index.php/intelligence-community/ic-policies-reports/intelligence-community-directives",2015-04-02 20:29:09,2015-04-02 20:29:09
186,PE-3,"DoD Instruction 5200.39","http://www.dtic.mil/whs/directives/corres/ins1.html",2015-04-02 20:29:09,2015-04-02 20:29:09
187,PE-3,"Personal Identity Verification (PIV) in Enterprise Physical Access Control System (E-PACS)",,2015-04-02 20:29:09,2015-04-02 20:29:09
188,PE-3,"http://idmanagement.gov","http://idmanagement.gov",2015-04-02 20:29:09,2015-04-02 20:29:09
189,PE-3,"http://fips201ep.cio.gov","http://fips201ep.cio.gov",2015-04-02 20:29:09,2015-04-02 20:29:09
190,PE-4,"NSTISSI No. 7003","http://www.cnss.gov/Assets/pdf/nstissi_7003.pdf",2015-04-02 20:29:09,2015-04-02 20:29:09
191,PE-17,"NIST Special Publication 800-46","http://csrc.nist.gov/publications/PubsSPs.html#800-46",2015-04-02 20:29:09,2015-04-02 20:29:09
192,PE-19,"FIPS Publication 199","http://csrc.nist.gov/publications/PubsFIPS.html#199",2015-04-02 20:29:09,2015-04-02 20:29:09
193,PL-1,"NIST Special Publication 800-12","http://csrc.nist.gov/publications/PubsSPs.html#800-12",2015-04-02 20:29:09,2015-04-02 20:29:09
194,PL-1,"NIST Special Publication 800-18","http://csrc.nist.gov/publications/PubsSPs.html#800-18",2015-04-02 20:29:09,2015-04-02 20:29:09
195,PL-1,"NIST Special Publication 800-100","http://csrc.nist.gov/publications/PubsSPs.html#800-100",2015-04-02 20:29:09,2015-04-02 20:29:09
196,PL-2,"NIST Special Publication 800-18","http://csrc.nist.gov/publications/PubsSPs.html#800-18",2015-04-02 20:29:09,2015-04-02 20:29:09
197,PL-4,"NIST Special Publication 800-18","http://csrc.nist.gov/publications/PubsSPs.html#800-18",2015-04-02 20:29:09,2015-04-02 20:29:09
198,PL-9,"NIST Special Publication 800-37","http://csrc.nist.gov/publications/PubsSPs.html#800-37",2015-04-02 20:29:09,2015-04-02 20:29:09
199,PS-1,"NIST Special Publication 800-12","http://csrc.nist.gov/publications/PubsSPs.html#800-12",2015-04-02 20:29:09,2015-04-02 20:29:09
200,PS-1,"NIST Special Publication 800-100","http://csrc.nist.gov/publications/PubsSPs.html#800-100",2015-04-02 20:29:09,2015-04-02 20:29:09
201,PS-2,"5 C.F.R. 731.106","http://www.gpo.gov/fdsys/granule/CFR-2012-title5-vol2/CFR-2012-title5-vol2-sec731-106/content-detail.html",2015-04-02 20:29:09,2015-04-02 20:29:09
202,PS-3,"5 C.F.R. 731.106","http://www.gpo.gov/fdsys/granule/CFR-2012-title5-vol2/CFR-2012-title5-vol2-sec731-106/content-detail.html",2015-04-02 20:29:09,2015-04-02 20:29:09
203,PS-3,"FIPS Publication 199","http://csrc.nist.gov/publications/PubsFIPS.html#199",2015-04-02 20:29:09,2015-04-02 20:29:09
204,PS-3,"FIPS Publication 201","http://csrc.nist.gov/publications/PubsFIPS.html#201",2015-04-02 20:29:09,2015-04-02 20:29:09
205,PS-3,"NIST Special Publication 800-60","http://csrc.nist.gov/publications/PubsSPs.html#800-60",2015-04-02 20:29:09,2015-04-02 20:29:09
206,PS-3,"NIST Special Publication 800-73","http://csrc.nist.gov/publications/PubsSPs.html#800-73",2015-04-02 20:29:09,2015-04-02 20:29:09
207,PS-3,"NIST Special Publication 800-76","http://csrc.nist.gov/publications/PubsSPs.html#800-76",2015-04-02 20:29:09,2015-04-02 20:29:09
208,PS-3,"NIST Special Publication 800-78","http://csrc.nist.gov/publications/PubsSPs.html#800-78",2015-04-02 20:29:09,2015-04-02 20:29:09
209,PS-3,"ICD 704","http://www.dni.gov/index.php/intelligence-community/ic-policies-reports/intelligence-community-directives",2015-04-02 20:29:09,2015-04-02 20:29:09
210,PS-7,"NIST Special Publication 800-35","http://csrc.nist.gov/publications/PubsSPs.html#800-35",2015-04-02 20:29:09,2015-04-02 20:29:09
211,RA-1,"NIST Special Publication 800-12","http://csrc.nist.gov/publications/PubsSPs.html#800-12",2015-04-02 20:29:09,2015-04-02 20:29:09
212,RA-1,"NIST Special Publication 800-30","http://csrc.nist.gov/publications/PubsSPs.html#800-30",2015-04-02 20:29:09,2015-04-02 20:29:09
213,RA-1,"NIST Special Publication 800-100","http://csrc.nist.gov/publications/PubsSPs.html#800-100",2015-04-02 20:29:09,2015-04-02 20:29:09
214,RA-2,"FIPS Publication 199","http://csrc.nist.gov/publications/PubsFIPS.html#199",2015-04-02 20:29:09,2015-04-02 20:29:09
215,RA-2,"NIST Special Publication 800-30","http://csrc.nist.gov/publications/PubsSPs.html#800-30",2015-04-02 20:29:09,2015-04-02 20:29:09
216,RA-2,"NIST Special Publication 800-39","http://csrc.nist.gov/publications/PubsSPs.html#800-39",2015-04-02 20:29:09,2015-04-02 20:29:09
217,RA-2,"NIST Special Publication 800-60","http://csrc.nist.gov/publications/PubsSPs.html#800-60",2015-04-02 20:29:09,2015-04-02 20:29:09
218,RA-3,"OMB Memorandum 04-04","http://www.whitehouse.gov/sites/default/files/omb/assets/omb/memoranda/fy04/m04-04.pdf",2015-04-02 20:29:09,2015-04-02 20:29:09
219,RA-3,"NIST Special Publication 800-30","http://csrc.nist.gov/publications/PubsSPs.html#800-30",2015-04-02 20:29:09,2015-04-02 20:29:09
220,RA-3,"NIST Special Publication 800-39","http://csrc.nist.gov/publications/PubsSPs.html#800-39",2015-04-02 20:29:09,2015-04-02 20:29:09
221,RA-3,"http://idmanagement.gov","http://idmanagement.gov",2015-04-02 20:29:09,2015-04-02 20:29:09
222,RA-5,"NIST Special Publication 800-40","http://csrc.nist.gov/publications/PubsSPs.html#800-40",2015-04-02 20:29:09,2015-04-02 20:29:09
223,RA-5,"NIST Special Publication 800-70","http://csrc.nist.gov/publications/PubsSPs.html#800-70",2015-04-02 20:29:09,2015-04-02 20:29:09
224,RA-5,"NIST Special Publication 800-115","http://csrc.nist.gov/publications/PubsSPs.html#800-115",2015-04-02 20:29:09,2015-04-02 20:29:09
225,RA-5,"http://cwe.mitre.org","http://cwe.mitre.org",2015-04-02 20:29:09,2015-04-02 20:29:09
226,RA-5,"http://nvd.nist.gov","http://nvd.nist.gov",2015-04-02 20:29:09,2015-04-02 20:29:09
227,SA-1,"NIST Special Publication 800-12","http://csrc.nist.gov/publications/PubsSPs.html#800-12",2015-04-02 20:29:09,2015-04-02 20:29:09
228,SA-1,"NIST Special Publication 800-100","http://csrc.nist.gov/publications/PubsSPs.html#800-100",2015-04-02 20:29:09,2015-04-02 20:29:09
229,SA-2,"NIST Special Publication 800-65","http://csrc.nist.gov/publications/PubsSPs.html#800-65",2015-04-02 20:29:09,2015-04-02 20:29:09
230,SA-3,"NIST Special Publication 800-37","http://csrc.nist.gov/publications/PubsSPs.html#800-37",2015-04-02 20:29:09,2015-04-02 20:29:09
231,SA-3,"NIST Special Publication 800-64","http://csrc.nist.gov/publications/PubsSPs.html#800-64",2015-04-02 20:29:09,2015-04-02 20:29:09
232,SA-4,"HSPD-12","http://www.dhs.gov/homeland-security-presidential-directive-12",2015-04-02 20:29:09,2015-04-02 20:29:09
233,SA-4,"ISO/IEC 15408","http://www.iso.org/iso/iso_catalogue/catalogue_tc/catalogue_detail.htm?csnumber=50341",2015-04-02 20:29:09,2015-04-02 20:29:09
234,SA-4,"FIPS Publication 140-2","http://csrc.nist.gov/publications/PubsFIPS.html#140-2",2015-04-02 20:29:09,2015-04-02 20:29:09
235,SA-4,"FIPS Publication 201","http://csrc.nist.gov/publications/PubsFIPS.html#201",2015-04-02 20:29:09,2015-04-02 20:29:09
236,SA-4,"NIST Special Publication 800-23","http://csrc.nist.gov/publications/PubsSPs.html#800-23",2015-04-02 20:29:09,2015-04-02 20:29:09
237,SA-4,"NIST Special Publication 800-35","http://csrc.nist.gov/publications/PubsSPs.html#800-35",2015-04-02 20:29:09,2015-04-02 20:29:09
238,SA-4,"NIST Special Publication 800-36","http://csrc.nist.gov/publications/PubsSPs.html#800-36",2015-04-02 20:29:09,2015-04-02 20:29:09
239,SA-4,"NIST Special Publication 800-37","http://csrc.nist.gov/publications/PubsSPs.html#800-37",2015-04-02 20:29:09,2015-04-02 20:29:09
240,SA-4,"NIST Special Publication 800-64","http://csrc.nist.gov/publications/PubsSPs.html#800-64",2015-04-02 20:29:09,2015-04-02 20:29:09
241,SA-4,"NIST Special Publication 800-70","http://csrc.nist.gov/publications/PubsSPs.html#800-70",2015-04-02 20:29:09,2015-04-02 20:29:09
242,SA-4,"NIST Special Publication 800-137","http://csrc.nist.gov/publications/PubsSPs.html#800-137",2015-04-02 20:29:09,2015-04-02 20:29:09
243,SA-4,"Federal Acquisition Regulation","https://acquisition.gov/far",2015-04-02 20:29:09,2015-04-02 20:29:09
244,SA-4,"http://www.niap-ccevs.org","http://www.niap-ccevs.org",2015-04-02 20:29:09,2015-04-02 20:29:09
245,SA-4,"http://fips201ep.cio.gov","http://fips201ep.cio.gov",2015-04-02 20:29:09,2015-04-02 20:29:09
246,SA-4,"http://www.acquisition.gov/far","http://www.acquisition.gov/far",2015-04-02 20:29:09,2015-04-02 20:29:09
247,SA-8,"NIST Special Publication 800-27","http://csrc.nist.gov/publications/PubsSPs.html#800-27",2015-04-02 20:29:09,2015-04-02 20:29:09
248,SA-9,"NIST Special Publication 800-35","http://csrc.nist.gov/publications/PubsSPs.html#800-35",2015-04-02 20:29:09,2015-04-02 20:29:09
249,SA-10,"NIST Special Publication 800-128","http://csrc.nist.gov/publications/PubsSPs.html#800-128",2015-04-02 20:29:09,2015-04-02 20:29:09
250,SA-11,"ISO/IEC 15408","http://www.iso.org/iso/iso_catalogue/catalogue_tc/catalogue_detail.htm?csnumber=50341",2015-04-02 20:29:09,2015-04-02 20:29:09
251,SA-11,"NIST Special Publication 800-53A","http://csrc.nist.gov/publications/PubsSPs.html#800-53A",2015-04-02 20:29:09,2015-04-02 20:29:09
252,SA-11,"http://nvd.nist.gov","http://nvd.nist.gov",2015-04-02 20:29:09,2015-04-02 20:29:09
253,SA-11,"http://cwe.mitre.org","http://cwe.mitre.org",2015-04-02 20:29:09,2015-04-02 20:29:09
254,SA-11,"http://cve.mitre.org","http://cve.mitre.org",2015-04-02 20:29:09,2015-04-02 20:29:09
255,SA-11,"http://capec.mitre.org","http://capec.mitre.org",2015-04-02 20:29:09,2015-04-02 20:29:09
256,SA-12,"NIST Special Publication 800-161","http://csrc.nist.gov/publications/PubsSPs.html#800-161",2015-04-02 20:29:09,2015-04-02 20:29:09
257,SA-12,"NIST Interagency Report 7622","http://csrc.nist.gov/publications/PubsNISTIRs.html#NIST-IR-7622",2015-04-02 20:29:09,2015-04-02 20:29:09
258,SA-13,"FIPS Publication 199","http://csrc.nist.gov/publications/PubsFIPS.html#199",2015-04-02 20:29:09,2015-04-02 20:29:09
259,SA-13,"FIPS Publication 200","http://csrc.nist.gov/publications/PubsFIPS.html#200",2015-04-02 20:29:09,2015-04-02 20:29:09
260,SA-13,"NIST Special Publication 800-53","http://csrc.nist.gov/publications/PubsSPs.html#800-53",2015-04-02 20:29:09,2015-04-02 20:29:09
261,SA-13,"NIST Special Publication 800-53A","http://csrc.nist.gov/publications/PubsSPs.html#800-53A",2015-04-02 20:29:09,2015-04-02 20:29:09
262,SA-13,"NIST Special Publication 800-60","http://csrc.nist.gov/publications/PubsSPs.html#800-60",2015-04-02 20:29:09,2015-04-02 20:29:09
263,SA-13,"NIST Special Publication 800-64","http://csrc.nist.gov/publications/PubsSPs.html#800-64",2015-04-02 20:29:09,2015-04-02 20:29:09
264,SC-1,"NIST Special Publication 800-12","http://csrc.nist.gov/publications/PubsSPs.html#800-12",2015-04-02 20:29:09,2015-04-02 20:29:09
265,SC-1,"NIST Special Publication 800-100","http://csrc.nist.gov/publications/PubsSPs.html#800-100",2015-04-02 20:29:09,2015-04-02 20:29:09
266,SC-7,"FIPS Publication 199","http://csrc.nist.gov/publications/PubsFIPS.html#199",2015-04-02 20:29:09,2015-04-02 20:29:09
267,SC-7,"NIST Special Publication 800-41","http://csrc.nist.gov/publications/PubsSPs.html#800-41",2015-04-02 20:29:09,2015-04-02 20:29:09
268,SC-7,"NIST Special Publication 800-77","http://csrc.nist.gov/publications/PubsSPs.html#800-77",2015-04-02 20:29:09,2015-04-02 20:29:09
269,SC-8,"FIPS Publication 140-2","http://csrc.nist.gov/publications/PubsFIPS.html#140-2",2015-04-02 20:29:09,2015-04-02 20:29:09
270,SC-8,"FIPS Publication 197","http://csrc.nist.gov/publications/PubsFIPS.html#197",2015-04-02 20:29:09,2015-04-02 20:29:09
271,SC-8,"NIST Special Publication 800-52","http://csrc.nist.gov/publications/PubsSPs.html#800-52",2015-04-02 20:29:09,2015-04-02 20:29:09
272,SC-8,"NIST Special Publication 800-77","http://csrc.nist.gov/publications/PubsSPs.html#800-77",2015-04-02 20:29:09,2015-04-02 20:29:09
273,SC-8,"NIST Special Publication 800-81","http://csrc.nist.gov/publications/PubsSPs.html#800-81",2015-04-02 20:29:09,2015-04-02 20:29:09
274,SC-8,"NIST Special Publication 800-113","http://csrc.nist.gov/publications/PubsSPs.html#800-113",2015-04-02 20:29:09,2015-04-02 20:29:09
275,SC-8,"CNSS Policy 15","https://www.cnss.gov/policies.html",2015-04-02 20:29:09,2015-04-02 20:29:09
276,SC-8,"NSTISSI No. 7003","http://www.cnss.gov/Assets/pdf/nstissi_7003.pdf",2015-04-02 20:29:09,2015-04-02 20:29:09
277,SC-12,"NIST Special Publication 800-56","http://csrc.nist.gov/publications/PubsSPs.html#800-56",2015-04-02 20:29:09,2015-04-02 20:29:09
278,SC-12,"NIST Special Publication 800-57","http://csrc.nist.gov/publications/PubsSPs.html#800-57",2015-04-02 20:29:09,2015-04-02 20:29:09
279,SC-13,"FIPS Publication 140","http://csrc.nist.gov/publications/PubsFIPS.html",2015-04-02 20:29:09,2015-04-02 20:29:09
280,SC-13,"http://csrc.nist.gov/cryptval","http://csrc.nist.gov/cryptval",2015-04-02 20:29:09,2015-04-02 20:29:09
281,SC-13,"http://www.cnss.gov","http://www.cnss.gov",2015-04-02 20:29:09,2015-04-02 20:29:09
282,SC-17,"OMB Memorandum 05-24","http://www.whitehouse.gov/sites/default/files/omb/assets/omb/memoranda/fy2005/m05-24.pdf",2015-04-02 20:29:09,2015-04-02 20:29:09
283,SC-17,"NIST Special Publication 800-32","http://csrc.nist.gov/publications/PubsSPs.html#800-32",2015-04-02 20:29:09,2015-04-02 20:29:09
284,SC-17,"NIST Special Publication 800-63","http://csrc.nist.gov/publications/PubsSPs.html#800-63",2015-04-02 20:29:09,2015-04-02 20:29:09
285,SC-18,"NIST Special Publication 800-28","http://csrc.nist.gov/publications/PubsSPs.html#800-28",2015-04-02 20:29:09,2015-04-02 20:29:09
286,SC-18,"DoD Instruction 8552.01","http://www.dtic.mil/whs/directives/corres/ins1.html",2015-04-02 20:29:09,2015-04-02 20:29:09
287,SC-19,"NIST Special Publication 800-58","http://csrc.nist.gov/publications/PubsSPs.html#800-58",2015-04-02 20:29:09,2015-04-02 20:29:09
288,SC-20,"OMB Memorandum 08-23","http://www.whitehouse.gov/sites/default/files/omb/assets/omb/memoranda/fy2008/m08-23.pdf",2015-04-02 20:29:09,2015-04-02 20:29:09
289,SC-20,"NIST Special Publication 800-81","http://csrc.nist.gov/publications/PubsSPs.html#800-81",2015-04-02 20:29:09,2015-04-02 20:29:09
290,SC-21,"NIST Special Publication 800-81","http://csrc.nist.gov/publications/PubsSPs.html#800-81",2015-04-02 20:29:09,2015-04-02 20:29:09
291,SC-22,"NIST Special Publication 800-81","http://csrc.nist.gov/publications/PubsSPs.html#800-81",2015-04-02 20:29:09,2015-04-02 20:29:09
292,SC-23,"NIST Special Publication 800-52","http://csrc.nist.gov/publications/PubsSPs.html#800-52",2015-04-02 20:29:09,2015-04-02 20:29:09
293,SC-23,"NIST Special Publication 800-77","http://csrc.nist.gov/publications/PubsSPs.html#800-77",2015-04-02 20:29:09,2015-04-02 20:29:09
294,SC-23,"NIST Special Publication 800-95","http://csrc.nist.gov/publications/PubsSPs.html#800-95",2015-04-02 20:29:09,2015-04-02 20:29:09
295,SC-28,"NIST Special Publication 800-56","http://csrc.nist.gov/publications/PubsSPs.html#800-56",2015-04-02 20:29:09,2015-04-02 20:29:09
296,SC-28,"NIST Special Publication 800-57","http://csrc.nist.gov/publications/PubsSPs.html#800-57",2015-04-02 20:29:09,2015-04-02 20:29:09
297,SC-28,"NIST Special Publication 800-111","http://csrc.nist.gov/publications/PubsSPs.html#800-111",2015-04-02 20:29:09,2015-04-02 20:29:09
298,SC-32,"FIPS Publication 199","http://csrc.nist.gov/publications/PubsFIPS.html#199",2015-04-02 20:29:09,2015-04-02 20:29:09
299,SI-1,"NIST Special Publication 800-12","http://csrc.nist.gov/publications/PubsSPs.html#800-12",2015-04-02 20:29:09,2015-04-02 20:29:09
300,SI-1,"NIST Special Publication 800-100","http://csrc.nist.gov/publications/PubsSPs.html#800-100",2015-04-02 20:29:09,2015-04-02 20:29:09
301,SI-2,"NIST Special Publication 800-40","http://csrc.nist.gov/publications/PubsSPs.html#800-40",2015-04-02 20:29:09,2015-04-02 20:29:09
302,SI-2,"NIST Special Publication 800-128","http://csrc.nist.gov/publications/PubsSPs.html#800-128",2015-04-02 20:29:09,2015-04-02 20:29:09
303,SI-3,"NIST Special Publication 800-83","http://csrc.nist.gov/publications/PubsSPs.html#800-83",2015-04-02 20:29:09,2015-04-02 20:29:09
304,SI-4,"NIST Special Publication 800-61","http://csrc.nist.gov/publications/PubsSPs.html#800-61",2015-04-02 20:29:09,2015-04-02 20:29:09
305,SI-4,"NIST Special Publication 800-83","http://csrc.nist.gov/publications/PubsSPs.html#800-83",2015-04-02 20:29:09,2015-04-02 20:29:09
306,SI-4,"NIST Special Publication 800-92","http://csrc.nist.gov/publications/PubsSPs.html#800-92",2015-04-02 20:29:09,2015-04-02 20:29:09
307,SI-4,"NIST Special Publication 800-94","http://csrc.nist.gov/publications/PubsSPs.html#800-94",2015-04-02 20:29:09,2015-04-02 20:29:09
308,SI-4,"NIST Special Publication 800-137","http://csrc.nist.gov/publications/PubsSPs.html#800-137",2015-04-02 20:29:09,2015-04-02 20:29:09
309,SI-5,"NIST Special Publication 800-40","http://csrc.nist.gov/publications/PubsSPs.html#800-40",2015-04-02 20:29:09,2015-04-02 20:29:09
310,SI-7,"NIST Special Publication 800-147","http://csrc.nist.gov/publications/PubsSPs.html#800-147",2015-04-02 20:29:09,2015-04-02 20:29:09
311,SI-7,"NIST Special Publication 800-155","http://csrc.nist.gov/publications/PubsSPs.html#800-155",2015-04-02 20:29:09,2015-04-02 20:29:09
312,SI-8,"NIST Special Publication 800-45","http://csrc.nist.gov/publications/PubsSPs.html#800-45",2015-04-02 20:29:09,2015-04-02 20:29:09
313,PM-3,"NIST Special Publication 800-65","http://csrc.nist.gov/publications/PubsSPs.html#800-65",2015-04-02 20:29:09,2015-04-02 20:29:09
314,PM-4,"OMB Memorandum 02-01","http://www.whitehouse.gov/omb/memoranda_m02-01",2015-04-02 20:29:09,2015-04-02 20:29:09
315,PM-4,"NIST Special Publication 800-37","http://csrc.nist.gov/publications/PubsSPs.html#800-37",2015-04-02 20:29:09,2015-04-02 20:29:09
316,PM-5,"http://www.omb.gov","http://www.omb.gov",2015-04-02 20:29:09,2015-04-02 20:29:09
317,PM-6,"NIST Special Publication 800-55","http://csrc.nist.gov/publications/PubsSPs.html#800-55",2015-04-02 20:29:09,2015-04-02 20:29:09
318,PM-7,"NIST Special Publication 800-39","http://csrc.nist.gov/publications/PubsSPs.html#800-39",2015-04-02 20:29:09,2015-04-02 20:29:09
319,PM-8,"HSPD 7","http://www.fas.org/irp/offdocs/nspd/hspd-7.html",2015-04-02 20:29:09,2015-04-02 20:29:09
320,PM-8,"National Infrastructure Protection Plan","https://www.dhs.gov/national-infrastructure-protection-plan",2015-04-02 20:29:09,2015-04-02 20:29:09
321,PM-9,"NIST Special Publication 800-30","http://csrc.nist.gov/publications/PubsSPs.html#800-30",2015-04-02 20:29:09,2015-04-02 20:29:09
322,PM-9,"NIST Special Publication 800-39","http://csrc.nist.gov/publications/PubsSPs.html#800-39",2015-04-02 20:29:09,2015-04-02 20:29:09
323,PM-10,"NIST Special Publication 800-37","http://csrc.nist.gov/publications/PubsSPs.html#800-37",2015-04-02 20:29:09,2015-04-02 20:29:09
324,PM-10,"NIST Special Publication 800-39","http://csrc.nist.gov/publications/PubsSPs.html#800-39",2015-04-02 20:29:09,2015-04-02 20:29:09
325,PM-11,"FIPS Publication 199","http://csrc.nist.gov/publications/PubsFIPS.html#199",2015-04-02 20:29:09,2015-04-02 20:29:09
326,PM-11,"NIST Special Publication 800-60","http://csrc.nist.gov/publications/PubsSPs.html#800-60",2015-04-02 20:29:09,2015-04-02 20:29:09
327,PM-12,"Executive Order 13587","http://www.whitehouse.gov/the-press-office/2011/10/07/executive-order-13587-structural-reforms-improve-security-classified-net",2015-04-02 20:29:09,2015-04-02 20:29:09
328,PM-14,"NIST Special Publication 800-16","http://csrc.nist.gov/publications/PubsSPs.html#800-16",2015-04-02 20:29:09,2015-04-02 20:29:09
329,PM-14,"NIST Special Publication 800-37","http://csrc.nist.gov/publications/PubsSPs.html#800-37",2015-04-02 20:29:09,2015-04-02 20:29:09
330,PM-14,"NIST Special Publication 800-53A","http://csrc.nist.gov/publications/PubsSPs.html#800-53A",2015-04-02 20:29:09,2015-04-02 20:29:09
331,PM-14,"NIST Special Publication 800-137","http://csrc.nist.gov/publications/PubsSPs.html#800-137",2015-04-02 20:29:09,2015-04-02 20:29:09
